image_id,Male
000107.jpg,-1
000150.jpg,1
000444.jpg,1
000566.jpg,-1
000851.jpg,1
000930.jpg,1
001454.jpg,-1
001546.jpg,-1
001704.jpg,-1
001886.jpg,-1
002051.jpg,-1
002442.jpg,1
002535.jpg,-1
002662.jpg,-1
003010.jpg,1
003216.jpg,1
003317.jpg,1
003709.jpg,1
003869.jpg,-1
004521.jpg,1
005082.jpg,1
005106.jpg,-1
005121.jpg,-1
005343.jpg,-1
005515.jpg,1
006204.jpg,-1
006403.jpg,-1
006498.jpg,1
006557.jpg,1
006732.jpg,-1
006957.jpg,-1
007070.jpg,1
007105.jpg,1
007236.jpg,1
007524.jpg,-1
007609.jpg,-1
007812.jpg,1
008135.jpg,-1
008235.jpg,-1
008332.jpg,-1
008415.jpg,1
009445.jpg,1
010029.jpg,-1
010152.jpg,-1
010419.jpg,1
010459.jpg,-1
010554.jpg,-1
010767.jpg,1
010966.jpg,-1
011391.jpg,-1
011558.jpg,-1
011636.jpg,1
011932.jpg,-1
012013.jpg,1
012115.jpg,-1
012352.jpg,1
013145.jpg,1
013165.jpg,-1
013182.jpg,-1
013262.jpg,1
013317.jpg,1
013654.jpg,1
014201.jpg,1
014294.jpg,1
014664.jpg,-1
014911.jpg,-1
014986.jpg,1
015185.jpg,1
015332.jpg,-1
015371.jpg,1
015434.jpg,1
015890.jpg,1
015980.jpg,1
016323.jpg,1
016654.jpg,-1
016785.jpg,-1
016838.jpg,-1
017351.jpg,1
017669.jpg,-1
017816.jpg,-1
017963.jpg,-1
017988.jpg,1
018034.jpg,-1
018077.jpg,1
018144.jpg,-1
018199.jpg,-1
018234.jpg,-1
018344.jpg,1
018575.jpg,1
018611.jpg,1
018718.jpg,-1
019017.jpg,1
019092.jpg,-1
019205.jpg,-1
019725.jpg,-1
019762.jpg,-1
019923.jpg,-1
020312.jpg,-1
020646.jpg,1
020657.jpg,-1
020917.jpg,-1
021001.jpg,-1
021123.jpg,-1
021472.jpg,-1
021492.jpg,1
022007.jpg,1
022229.jpg,1
022443.jpg,-1
022454.jpg,-1
022719.jpg,1
022791.jpg,-1
023832.jpg,-1
024196.jpg,-1
024313.jpg,-1
024394.jpg,-1
024449.jpg,-1
024481.jpg,1
024562.jpg,-1
024727.jpg,-1
025354.jpg,-1
025410.jpg,-1
025667.jpg,-1
025800.jpg,-1
026210.jpg,-1
026353.jpg,1
026477.jpg,-1
026713.jpg,-1
026794.jpg,1
026869.jpg,1
026893.jpg,1
026947.jpg,-1
027155.jpg,1
027667.jpg,1
027895.jpg,1
027942.jpg,1
028059.jpg,-1
028337.jpg,1
028338.jpg,1
028418.jpg,-1
028645.jpg,1
028744.jpg,-1
029185.jpg,-1
029243.jpg,1
029326.jpg,1
029328.jpg,1
029987.jpg,-1
030025.jpg,-1
030030.jpg,1
030237.jpg,-1
030259.jpg,1
030316.jpg,1
031341.jpg,-1
031428.jpg,1
031630.jpg,1
031721.jpg,-1
031734.jpg,-1
031814.jpg,-1
032670.jpg,1
032723.jpg,-1
032968.jpg,1
033089.jpg,1
033104.jpg,-1
033183.jpg,1
033368.jpg,1
033410.jpg,-1
033457.jpg,1
033658.jpg,1
034294.jpg,1
034309.jpg,-1
034685.jpg,1
034723.jpg,1
034955.jpg,-1
035204.jpg,-1
035573.jpg,-1
036263.jpg,-1
036274.jpg,-1
036580.jpg,-1
036604.jpg,1
036748.jpg,1
037453.jpg,1
038628.jpg,1
038685.jpg,1
038822.jpg,1
039074.jpg,-1
039540.jpg,-1
039947.jpg,-1
040057.jpg,-1
040066.jpg,-1
040067.jpg,-1
040106.jpg,-1
040516.jpg,-1
040580.jpg,1
040750.jpg,-1
040759.jpg,1
041271.jpg,-1
041353.jpg,-1
041461.jpg,-1
041723.jpg,-1
041733.jpg,1
041854.jpg,-1
041939.jpg,1
042350.jpg,-1
042358.jpg,-1
042599.jpg,1
042639.jpg,1
042835.jpg,1
042931.jpg,-1
043159.jpg,1
043266.jpg,1
043288.jpg,-1
043598.jpg,-1
043985.jpg,-1
044484.jpg,1
044863.jpg,-1
045621.jpg,1
046108.jpg,-1
046174.jpg,-1
046414.jpg,1
046811.jpg,1
046833.jpg,-1
047019.jpg,1
047040.jpg,1
047640.jpg,-1
047669.jpg,1
048101.jpg,1
048330.jpg,-1
048536.jpg,1
048713.jpg,-1
049781.jpg,-1
049829.jpg,-1
049863.jpg,-1
049915.jpg,-1
050085.jpg,-1
050212.jpg,1
050225.jpg,-1
050290.jpg,-1
050408.jpg,1
050485.jpg,1
050628.jpg,1
050887.jpg,-1
050971.jpg,-1
051652.jpg,-1
051991.jpg,1
052125.jpg,1
052144.jpg,-1
052201.jpg,1
052262.jpg,-1
052317.jpg,1
052731.jpg,-1
053372.jpg,-1
053546.jpg,-1
054221.jpg,-1
054922.jpg,-1
055071.jpg,1
055099.jpg,1
055216.jpg,-1
055308.jpg,1
055486.jpg,-1
055522.jpg,1
055606.jpg,-1
055739.jpg,-1
055878.jpg,1
056021.jpg,-1
056033.jpg,1
056087.jpg,1
056161.jpg,-1
056444.jpg,1
056724.jpg,1
057069.jpg,-1
057139.jpg,1
057315.jpg,-1
057368.jpg,-1
057494.jpg,-1
057521.jpg,-1
057571.jpg,-1
057729.jpg,-1
057788.jpg,-1
057813.jpg,-1
058091.jpg,1
058310.jpg,1
058439.jpg,1
058514.jpg,1
058779.jpg,1
058889.jpg,-1
058904.jpg,1
059634.jpg,-1
059663.jpg,1
059743.jpg,-1
060016.jpg,1
060044.jpg,-1
060324.jpg,-1
060435.jpg,1
060624.jpg,1
060991.jpg,-1
061025.jpg,1
061472.jpg,1
061570.jpg,-1
061658.jpg,-1
061966.jpg,-1
062060.jpg,-1
062392.jpg,1
062534.jpg,-1
062571.jpg,1
062717.jpg,1
062771.jpg,-1
063000.jpg,1
063144.jpg,-1
063271.jpg,-1
063662.jpg,-1
063701.jpg,-1
063781.jpg,1
063928.jpg,-1
063960.jpg,-1
064038.jpg,-1
064176.jpg,-1
064185.jpg,-1
064197.jpg,1
064356.jpg,-1
064544.jpg,1
064652.jpg,-1
064813.jpg,1
064824.jpg,1
064987.jpg,1
065056.jpg,1
065184.jpg,-1
065326.jpg,-1
065413.jpg,1
065486.jpg,-1
065830.jpg,-1
065904.jpg,1
065907.jpg,1
066132.jpg,1
066774.jpg,1
067173.jpg,1
067726.jpg,-1
067946.jpg,1
068199.jpg,1
068359.jpg,-1
068476.jpg,-1
068671.jpg,-1
068877.jpg,-1
069046.jpg,-1
069202.jpg,1
069329.jpg,1
069343.jpg,-1
069437.jpg,1
069484.jpg,1
069521.jpg,1
069522.jpg,-1
069591.jpg,1
069630.jpg,1
069942.jpg,1
069947.jpg,-1
069987.jpg,-1
070187.jpg,-1
070359.jpg,1
070766.jpg,1
070801.jpg,1
071020.jpg,-1
071229.jpg,-1
071395.jpg,-1
071549.jpg,-1
071910.jpg,-1
071985.jpg,-1
072098.jpg,1
072423.jpg,-1
072483.jpg,-1
072531.jpg,-1
072696.jpg,-1
072843.jpg,1
072870.jpg,1
072927.jpg,-1
072944.jpg,1
073002.jpg,-1
073019.jpg,-1
073035.jpg,-1
073120.jpg,1
073171.jpg,-1
073311.jpg,1
073861.jpg,1
074187.jpg,-1
074393.jpg,1
074538.jpg,1
074708.jpg,1
074777.jpg,-1
074902.jpg,-1
075213.jpg,-1
075862.jpg,1
076582.jpg,1
076855.jpg,1
076940.jpg,-1
077133.jpg,-1
077505.jpg,1
077660.jpg,-1
077781.jpg,-1
078236.jpg,-1
078280.jpg,-1
078481.jpg,1
078643.jpg,1
078728.jpg,-1
078893.jpg,-1
079059.jpg,-1
079238.jpg,-1
079304.jpg,1
079659.jpg,1
080004.jpg,-1
080271.jpg,-1
080380.jpg,-1
080613.jpg,-1
080809.jpg,1
081078.jpg,-1
081375.jpg,-1
081537.jpg,1
081715.jpg,-1
081778.jpg,-1
082210.jpg,1
082229.jpg,-1
082292.jpg,-1
082362.jpg,1
082491.jpg,1
082695.jpg,-1
082720.jpg,1
082884.jpg,-1
082935.jpg,-1
083178.jpg,1
083810.jpg,1
084476.jpg,1
084491.jpg,-1
084976.jpg,-1
085009.jpg,1
085201.jpg,1
085507.jpg,-1
085681.jpg,1
085814.jpg,-1
086052.jpg,-1
086560.jpg,1
086620.jpg,1
086715.jpg,-1
086739.jpg,-1
086809.jpg,1
087081.jpg,1
087440.jpg,1
087868.jpg,-1
088041.jpg,-1
088115.jpg,-1
088185.jpg,1
088237.jpg,-1
088474.jpg,1
088628.jpg,-1
088947.jpg,-1
089175.jpg,-1
089195.jpg,1
089218.jpg,-1
089315.jpg,-1
089452.jpg,-1
089885.jpg,1
090114.jpg,1
090166.jpg,-1
090620.jpg,-1
091018.jpg,-1
091491.jpg,1
091661.jpg,-1
091741.jpg,1
092051.jpg,-1
092212.jpg,1
092226.jpg,1
092715.jpg,-1
092877.jpg,-1
093016.jpg,-1
093133.jpg,-1
093798.jpg,-1
094105.jpg,-1
094603.jpg,-1
094801.jpg,-1
094896.jpg,-1
094946.jpg,-1
095154.jpg,-1
095479.jpg,-1
095592.jpg,1
095639.jpg,-1
096704.jpg,-1
096737.jpg,1
096788.jpg,1
096870.jpg,-1
097041.jpg,1
097143.jpg,-1
097890.jpg,-1
098020.jpg,-1
098385.jpg,-1
099231.jpg,1
099346.jpg,1
099350.jpg,-1
099380.jpg,-1
099386.jpg,1
099391.jpg,-1
099472.jpg,-1
099596.jpg,-1
099648.jpg,1
099715.jpg,-1
100040.jpg,-1
100282.jpg,-1
100411.jpg,-1
100658.jpg,1
100865.jpg,-1
100977.jpg,-1
101937.jpg,1
102100.jpg,1
102233.jpg,-1
102347.jpg,-1
103291.jpg,-1
103713.jpg,-1
103753.jpg,-1
103981.jpg,-1
104456.jpg,-1
104594.jpg,-1
104701.jpg,-1
104767.jpg,-1
104774.jpg,-1
105131.jpg,-1
105163.jpg,1
105487.jpg,-1
105545.jpg,-1
105848.jpg,1
105990.jpg,1
106012.jpg,1
106451.jpg,-1
106530.jpg,-1
106540.jpg,1
106543.jpg,-1
106709.jpg,-1
106850.jpg,-1
107058.jpg,1
107768.jpg,-1
107929.jpg,1
108081.jpg,-1
108644.jpg,-1
108756.jpg,-1
108993.jpg,-1
109844.jpg,1
109898.jpg,-1
109975.jpg,1
110116.jpg,-1
110139.jpg,1
110218.jpg,-1
110511.jpg,-1
110594.jpg,-1
110605.jpg,1
110667.jpg,-1
110786.jpg,1
110889.jpg,-1
110924.jpg,1
111038.jpg,-1
111039.jpg,-1
111450.jpg,1
111544.jpg,1
111868.jpg,-1
112116.jpg,-1
112297.jpg,1
112312.jpg,-1
112359.jpg,-1
112667.jpg,1
112693.jpg,1
112998.jpg,-1
113063.jpg,1
113646.jpg,-1
113919.jpg,-1
113972.jpg,-1
114161.jpg,1
114184.jpg,-1
114252.jpg,1
114310.jpg,-1
114399.jpg,-1
114846.jpg,-1
114868.jpg,1
115310.jpg,1
115467.jpg,1
115812.jpg,1
115825.jpg,1
115910.jpg,1
116018.jpg,-1
116165.jpg,1
116894.jpg,1
117487.jpg,-1
117602.jpg,1
117758.jpg,1
117984.jpg,1
118176.jpg,1
118355.jpg,1
118859.jpg,1
118941.jpg,-1
118947.jpg,1
119197.jpg,-1
119278.jpg,-1
119385.jpg,-1
119659.jpg,-1
119859.jpg,1
120137.jpg,-1
120286.jpg,1
120436.jpg,1
120518.jpg,1
120666.jpg,-1
121032.jpg,1
121179.jpg,-1
121276.jpg,1
121779.jpg,1
121804.jpg,-1
121821.jpg,1
121864.jpg,-1
121894.jpg,-1
121906.jpg,1
122140.jpg,-1
122428.jpg,-1
122524.jpg,-1
122697.jpg,-1
123050.jpg,-1
123289.jpg,-1
123389.jpg,1
123908.jpg,-1
123988.jpg,-1
124043.jpg,1
124063.jpg,-1
124142.jpg,1
124434.jpg,1
124555.jpg,-1
124593.jpg,1
124805.jpg,-1
124988.jpg,-1
125038.jpg,1
125493.jpg,1
126186.jpg,-1
126746.jpg,-1
126930.jpg,1
127035.jpg,-1
127249.jpg,-1
127308.jpg,1
127309.jpg,-1
127400.jpg,1
127578.jpg,-1
127809.jpg,-1
127987.jpg,-1
128066.jpg,-1
128078.jpg,-1
128086.jpg,-1
128504.jpg,-1
128666.jpg,-1
128681.jpg,-1
129373.jpg,-1
129580.jpg,-1
129599.jpg,-1
130871.jpg,1
131226.jpg,1
131820.jpg,-1
132325.jpg,1
132476.jpg,-1
132490.jpg,-1
132615.jpg,1
132635.jpg,-1
132940.jpg,-1
133081.jpg,1
133086.jpg,-1
133125.jpg,1
133538.jpg,1
133570.jpg,-1
134002.jpg,1
134067.jpg,1
134783.jpg,-1
135123.jpg,1
135431.jpg,1
135680.jpg,1
135780.jpg,1
136294.jpg,1
136656.jpg,-1
136773.jpg,1
137045.jpg,-1
137531.jpg,1
138327.jpg,-1
138659.jpg,1
138705.jpg,-1
139030.jpg,-1
139178.jpg,-1
139232.jpg,1
139234.jpg,1
139646.jpg,1
139656.jpg,1
140018.jpg,1
140021.jpg,1
140022.jpg,1
140474.jpg,1
140566.jpg,1
140569.jpg,1
140585.jpg,1
140764.jpg,1
140938.jpg,1
141079.jpg,1
141092.jpg,1
141152.jpg,1
141290.jpg,-1
141357.jpg,-1
141374.jpg,1
141395.jpg,-1
141406.jpg,1
141598.jpg,-1
141712.jpg,-1
142134.jpg,-1
142243.jpg,-1
142402.jpg,-1
142854.jpg,-1
142965.jpg,1
143024.jpg,-1
143166.jpg,1
143622.jpg,-1
143639.jpg,1
144128.jpg,-1
144265.jpg,-1
144282.jpg,-1
144620.jpg,-1
144715.jpg,1
144842.jpg,-1
145025.jpg,-1
145060.jpg,-1
145090.jpg,-1
145208.jpg,1
145336.jpg,1
145386.jpg,-1
145537.jpg,1
145692.jpg,-1
145698.jpg,1
146002.jpg,-1
146121.jpg,-1
146519.jpg,1
146771.jpg,1
147039.jpg,1
147128.jpg,-1
147160.jpg,-1
147586.jpg,-1
147842.jpg,1
147952.jpg,1
148171.jpg,1
148356.jpg,1
148683.jpg,-1
148730.jpg,-1
149188.jpg,-1
149337.jpg,1
149383.jpg,1
149696.jpg,1
150488.jpg,1
150909.jpg,-1
150914.jpg,-1
150942.jpg,-1
151051.jpg,-1
151150.jpg,1
151350.jpg,1
151699.jpg,-1
151761.jpg,1
151829.jpg,1
152040.jpg,-1
152199.jpg,-1
152452.jpg,-1
152702.jpg,-1
152970.jpg,1
153007.jpg,1
153113.jpg,1
153139.jpg,1
153246.jpg,-1
154222.jpg,-1
154257.jpg,-1
154473.jpg,-1
154557.jpg,-1
154795.jpg,-1
155162.jpg,1
155215.jpg,-1
155314.jpg,-1
155850.jpg,-1
155985.jpg,1
156095.jpg,-1
156209.jpg,1
156279.jpg,1
156346.jpg,-1
156388.jpg,-1
156446.jpg,1
157010.jpg,-1
157395.jpg,1
157816.jpg,-1
158140.jpg,-1
158264.jpg,-1
158553.jpg,-1
158832.jpg,-1
158915.jpg,1
159015.jpg,-1
159033.jpg,-1
159187.jpg,-1
159638.jpg,1
159681.jpg,1
159995.jpg,-1
160242.jpg,-1
160348.jpg,-1
160604.jpg,1
161354.jpg,1
161458.jpg,-1
162142.jpg,1
162336.jpg,-1
162368.jpg,-1
162703.jpg,1
162834.jpg,1
162880.jpg,1
163121.jpg,-1
163357.jpg,1
163919.jpg,-1
164299.jpg,-1
164428.jpg,1
164482.jpg,-1
164795.jpg,-1
165090.jpg,1
165440.jpg,-1
165922.jpg,-1
166262.jpg,-1
166274.jpg,1
166456.jpg,-1
166615.jpg,-1
166641.jpg,1
167016.jpg,-1
167160.jpg,-1
167214.jpg,-1
167497.jpg,-1
167622.jpg,-1
167773.jpg,-1
168025.jpg,-1
168161.jpg,-1
168493.jpg,1
168520.jpg,-1
169215.jpg,-1
169320.jpg,-1
169393.jpg,-1
169750.jpg,-1
169879.jpg,-1
170362.jpg,-1
170364.jpg,-1
170432.jpg,1
170514.jpg,1
170854.jpg,-1
170956.jpg,-1
171300.jpg,-1
171436.jpg,-1
171628.jpg,-1
171820.jpg,1
171982.jpg,-1
172327.jpg,-1
172714.jpg,1
172749.jpg,-1
172950.jpg,1
173024.jpg,-1
173347.jpg,-1
173414.jpg,1
173506.jpg,-1
173802.jpg,-1
173904.jpg,1
174026.jpg,1
174054.jpg,-1
174126.jpg,-1
174308.jpg,1
174822.jpg,-1
174833.jpg,-1
175002.jpg,1
175077.jpg,-1
175162.jpg,-1
175342.jpg,-1
175369.jpg,-1
175495.jpg,-1
175565.jpg,-1
175613.jpg,1
175683.jpg,-1
175802.jpg,-1
176079.jpg,-1
176080.jpg,-1
176370.jpg,1
176519.jpg,-1
177003.jpg,-1
177112.jpg,1
177393.jpg,1
177555.jpg,1
177563.jpg,-1
178033.jpg,-1
178132.jpg,1
178333.jpg,-1
178385.jpg,-1
178707.jpg,1
178800.jpg,-1
179188.jpg,-1
179375.jpg,-1
179468.jpg,-1
180056.jpg,-1
180224.jpg,1
180257.jpg,-1
180398.jpg,-1
180845.jpg,-1
180923.jpg,-1
181040.jpg,1
181041.jpg,-1
181147.jpg,-1
181348.jpg,-1
181915.jpg,-1
182328.jpg,1
182430.jpg,1
182546.jpg,1
182608.jpg,1
182765.jpg,-1
182770.jpg,1
182824.jpg,-1
183014.jpg,1
183361.jpg,1
183812.jpg,1
183836.jpg,-1
183849.jpg,1
183978.jpg,1
184250.jpg,-1
184429.jpg,-1
184700.jpg,-1
184987.jpg,1
185184.jpg,1
185417.jpg,-1
185557.jpg,1
185603.jpg,-1
185804.jpg,1
186606.jpg,-1
186896.jpg,1
187052.jpg,1
187437.jpg,-1
187701.jpg,-1
187746.jpg,-1
188118.jpg,1
188197.jpg,-1
188311.jpg,-1
188314.jpg,1
188327.jpg,1
188554.jpg,1
188595.jpg,1
188660.jpg,1
188680.jpg,-1
188764.jpg,1
188933.jpg,-1
189081.jpg,-1
189293.jpg,1
189623.jpg,-1
189840.jpg,-1
189946.jpg,1
190897.jpg,1
190984.jpg,-1
191123.jpg,1
191137.jpg,-1
191295.jpg,-1
191348.jpg,-1
191498.jpg,1
191635.jpg,-1
191866.jpg,1
192361.jpg,-1
192580.jpg,1
192691.jpg,-1
192870.jpg,-1
192928.jpg,-1
193062.jpg,-1
193086.jpg,-1
193211.jpg,-1
193621.jpg,-1
194162.jpg,1
194310.jpg,1
194394.jpg,-1
194498.jpg,-1
194621.jpg,1
194742.jpg,-1
194945.jpg,1
195295.jpg,-1
195543.jpg,1
195826.jpg,-1
195957.jpg,-1
196065.jpg,-1
196078.jpg,1
196119.jpg,-1
196353.jpg,-1
196472.jpg,-1
196733.jpg,-1
196839.jpg,-1
196861.jpg,1
196907.jpg,-1
197074.jpg,-1
197097.jpg,-1
197135.jpg,1
197340.jpg,1
197519.jpg,1
197543.jpg,-1
197718.jpg,-1
197985.jpg,-1
197989.jpg,-1
198124.jpg,-1
198749.jpg,-1
198917.jpg,-1
199284.jpg,-1
199388.jpg,1
199552.jpg,1
199744.jpg,-1
199804.jpg,-1
199888.jpg,-1
200146.jpg,-1
200697.jpg,-1
200754.jpg,1
200759.jpg,-1
201038.jpg,1
201409.jpg,1
201455.jpg,-1
201484.jpg,-1
201798.jpg,1
201863.jpg,1
202145.jpg,-1
202502.jpg,1
